dibimbing.id|dibimbing.id | Bootcamp berkelas yang bantu kamu naik kelas
bertbisnis|Edbert | Website Maker 🧑‍💻
bk.smkn4padalarang|BK SMKN 4 Padalarang
mhmmdhafiiidz|.
cqwill5|™
nurulikra5|@glxsyy.nurul
rrenitaptr|renitαα
4lways.nndah|
jhannlgtu|جحن
iy_awaaa|awaaaa
ccgsh14|
shifa_aulia_annabila|shifa aulia annabila
_iamrtnaa|r
frshllmyyy_|Faris Hilmy.
wahyuad18|↑↓
iy_awaa|awaa
meyliiana__|my
billptyn_|bilputri
uvallery._|𝟏𝟕𝟖𝟏𝟏
robibuchori.m|
robibuchorimuslim|
zahrazrazah_|zahra
dpie0010|dv
_alsyxz.luv|alisyaa.a
justmathzz|Matthzz
icaaa.arj_|dipanggil nengok
nazwaalyaa4|Aya
nia.zvn|
anisaptri92|معاك ياالله
taqiyeuu|qiyaamiii
putriifanika|
arjuna_dwngga|Dewangga
saimenxcw_|Saii
caa_10034|caa
patoslebew|
republiclaptop.id|TOKO LAPTOP BERSUBSIDI
muhammadfadhilah717|mrizkifadhilah
belfas_s|
s_for_saii|𝑴𝒐𝒏𝒈?
vinrv_|Vin
siapa_cing1|tanpa nama
xii_oracleclass|Ocellllll
psyxflaa|
cantika_10034|Cantika_1003
nurul_fatimah991|nurulfatimah
mutiara_tsani29|Tiaraaauty
_fariddd13|Fariddd
_dstaafsl|
izaanagii_|rydd dragneel
mhmd_ryissss|
sendiwdynsh|Sendy Widiansyah
thohh1_|Snebsss
wannf_|ridhwan
swhynr|sinta
sntwhaa_|santi
potret.babuljannah|Majelis Ta'lim Babul Jannah
bubur_ayam207|Dannar
_cehaw|chauu
ucup.ds|Yusup Dwi Saputra
linarrr.pdf|linar
_kilaxxz|كيلا
ryllzzv|Raflyy
mas_muhammad_k.a|Mas Muh Khoirul Afif
ariafjartma_|Aria Fajartama
arrfebriann|just ariq
swastike_|Tauke Muda
1luckkyyy._|𝖐𝖎𝖎
hiropta_|Alka
alghi_la|⊂(￣(ｴ)￣)⊃
mhnnd.ahmd_|Nad
ival_ramzi|Ival
rayyis_03|Rayyis
aflhh_xz|Aflah
herlanardy|Herlannn
ccmeii01|m
ivana.azmi.90|Ivana azmi
awalslm_14|walll ~
farhannulh144|Farhannul Hakim
kefriprtm_|𝖐𝖊𝖕
kefrayyyyyy|
alya.anggrnii|
oracleboyss|
fhrullmwehe|فهرول
m.nizar.maulana28|nzr(arfan)28
line.indo|LINE Indonesia
atamerica|@america
imantdj|imantdj
dibimbingtalentsolutions|DTS: Tempat cari kerja yang seru, yuk gabung!
efenerr|Farchan Noor Rachman
ecommurz|Ecommerce & Tech Meme Factory
magangmerdeka|MSIB Kampus Merdeka
cakrawalauniversity|Cakrawala | Career-Ready University #1 in Indonesia
zakymuhammad_syah|Zaky Muhammad Syah (Zack)
achmadzaky|Achmad Zaky
dibimbing.business|dibimbing.id for business
connectedatid|Komunitas Pengembangan Karir
bnu.corpu|Bnu Corpu
dibilabs.id|Dibilabs
dibimbing.internpro|InternPro by @dibimbing.id
kezshpresso|KEZSHA🌼
arifj1024|Arief Juniant
evtessia|Evangelina Tessia Pricilla
adriancsilvano|Adrian Chandra Silvano
fahmiauditya|Fahmi Auditya - Digital Marketing Specialist
uc.you|Endang Yustika
ebemartono|Emanuel Bryan ebem🔱
creatorcontentology|Creator Contentology - Content Creation
raydalio|Ray Dalio
doss.id|DOSS Camera & Gadget
edwardtanzil__|Edward Tanzil
afzalalamsyah|Afzal Fauzan Alamsyah
autopilot.co.id_|Official Account of Autopilot.co.id
prisciliaearlene4470|Priscilia Earlene
geckofolks|Gecko Folks
nathaary_|Nathaa
dyxx.art|Novdyawan Putra Nanda | motion graphic enthusiast
creatorlabs.id|Creator Labs
jessicaadiputri|Jessica Adiputri
hanami.wang|王安平
reynaldisusanto|Reynaldi Susanto Putra
btr_citraaa|ｃｉｔｒａ
sherly_ef_|Lyly
ajaib_investasi|Ajaib | Saham, Obligasi & Reksa Dana
ajaibalpha|Ajaib Alpha | Investasi Aset Kripto & Aset Global
stevenlinn_|Steven Ennis
hendrairawan29|Hendra Irawan
masnda_|Nanda Wardhana
primamediainvestama|Prima Media Investama
aputure.indonesia|Aputure amaran Indonesia
jesica_dewi|Antonia Jesica Dewi 👧
vion_aaa05|
avgvstine|Augustine Degorl
speakingwithyasir|Yasir Khan
raysiguy|SEDANG CARI ISTRI 💍
gilangthevisual|Gilang Febrian | Minimalist UI/UX Designer
ajangmabrur|Aa Ajang | Haji Usia Muda
aimmmumtaz|Zaim Mumtaz | Logo Brand Consultant
tripov_|Tripov
hei.jas|Alzena Jasmine | Travel • Filmmaker
jamesgwee|James Gwee-Indonesia's Favourite Trainer
suntorosuciatmaja|Suntoro Suciatmaja
hendrahilman|Hendra Hilman
dlls_17|𝚍𝚎𝚕𝚕𝚊 𝚜𝚊𝚛𝚊𝚜𝚠𝚊𝚝𝚒
askangeltoday|Angelika Devita
timdanilovhi|Timofey Danilov
ishowcybersecurity|Ghulam Muhayyudin Malik | Cybersecurity | Ethical Hacking
marisacindyy|Marisa Cindy Kusuma Tanoyo
webflow|Webflow
faaninrn|Lifestyle • Foodie
ryanmtallulah|Ryan Maurice Tallulah
hey_detya|Herdetya Priambodo
kadeksuartini.id|NI KADEK SUARTINI
hafidh_chaplin|Hafidh Chaplin
chatwithiman|
digitalstrategist.dirga|Your Go-To Digital Marketing Bro
dirgaisman|Dirga Isman | Digital Strategist
byzaidanrahman|Zai
fadly.design|Fadly | Webflow Expert • UX Designer • Upwork Freelancer
aihope_id|AIHOPE | AI FOR EVERYONE
wellplusindonesia|Well + Nutrition 🇨🇭
rumahwebgram|Rumahweb Indonesia
vonvon_7|Vonny Cici Gemas
eveline.cynthia|Eveline Cynthia Irawan
houseofboring|Boring Studios© | Australian Creative Group
alexmoldovanos|Alexander Moldovanos
friska.azz|Friska | Pixellab Designer
aliforyza|Alif Oryza Wisti
upperclicks|UpperClicks | Elevate your Clicks!
wahyu_rohimat|Wahyu Rohimat
ricky_rabbani|Ricky Rabbani | Lumix s5 ii
adrianleoh|Adrian Leo Hadipradata
feliciaedbert|
kelaskaririndonesia|Kelas Karir
teddy.diego|Teddy Diego | Career Coach
itsryanlars|Ryan Lauwers
jessicahanafi|Jessica Hanafi
bimskreatif|Rakha Bima | Bikin Website Bisnis
katherinelazuardi|kath
hostingeracademy|Hostinger Academy
hostinger_global|Hostinger Global
iramanesia|Iramanesia
wawan.website|Wawan | Freelance Website
alifkenzo_|Muhamad Abu Tholif
metaforbusiness|Meta for Business
i.am.hartono|Har tono
shp1778|🍁❄️
diq.lift|Shadiq Maulana
zamisyakoby|Oby Zamisyak
klavierastephanie|K V S
xeesoxee|한소희
brendankane|Brendan Kane
mhadiyaa|Muhammad Hadiyatullah
digitaltalkline|Digital Talkline Community
aldodoesfitness|Aldo Koessurya
kei_learning|Komunitas Excel Indonesia
joinabundanceschool|Abundance Wisdom
fikrisakti|Fikri Sakti
edvvardsantoso|Edward Santoso
the7percent.co|TSP | Bisnis & Pengembangan Diri
fransiskus.alvin|Ko Alvin | Mentor AnakIT
chefanthonychristopher|Chef Anthony Christopher | F&B Consultant
willie27_|Willie Salim
lany_liem|Lany Liem
jihanronaa|Jihanronaa || Life Long Learner💡
suliantoindriaputra|Sulianto Indria Putra
angelymputri|Angely | Lyly
onlyzita|Zita
isaiah.vallentino|Vallentino
annisaaviciena|Annisa Aviciena Mareizky, S. Hum
vaindonesia|VAID • Virtual Assistant Digital Course
ra6kaa|Akbar Siregar
alvintanasta|Alvin Tanasta
digitalclub.id|Cindy Amelia | Mentor Digital Kamu
vnessaaap__|𝐕
17sclub_|17sClub | Komunitas Bisnis All in 1 & Jasa Import China
blizzborn|blizzborn
andreirwanto|Andre Irwanto
albypadmakusumah|Alby Rachman Padmakusumah
reinbombom|Reinhart Lauri
alexfedotofff|Alex Fedotoff
kornelius039|KORNELIUS | SEO SPECIALIST
joshdytlee|𝗝𝗼𝘀𝗵𝘂𝗮 𝗟𝗲𝗲
jeremysulistio|Jeremy Sulistio
lumixindonesia|Lumix Indonesia
abu2kk|Jhon
zackkravits|Zack Kravits
mindvalley|Mindvalley
davidgoggins|David Goggins
alpha_leaders|Alpha Leaders ™
justinwinwaller7|Justin Waller
balitimechamber|BALI TIME CHAMBER
motioncourse.id|Motion Mastercourse
sahabatcuan.id|Sahabat Cuan | Bisnis | Marketing With Ai
fandy_kuang|Fandy Chan
bimarzy|Bima R. Z. Yusuf 🐺
letsfindstudio|Let's Find Studio
creativeexplorer.id|Creative Explorer
visuality.id|Visuality
capitalclub|Capital Club
thelukebelmarr|The Luke Belmar
lukebelmarwisdom|Luke Belmar Wisdom
learnfromwisdom|
lukebelmar|Luke Belmar 👽
gentscroquetclub|Gents Croquet Club
gadzhi|GADZHI
bigday|BIG DAY
educate|Educate
flozyapp|
prabowo|Prabowo Subianto
rahayusaraswati|Rahayu Saraswati Djojohadikusumo
leo_giovannii|Leo Giovanni
tanganbelang|Yudhis Thira
sirge.official|Sirge
chappell_digital|Chappell Digital Marketing
realchasechappell|Chase Chappell
godmadeisaac|Isaac Okoro-Maduka | Growth Consultant
lachie.lewis|Lachlan Lewis
etelelorincz|Etele
theresalearns|Theresa Learns
vincentfischer_|Vincent Fischer
jun_yuh|Jun Yuh
karenthaliaaa|Karen Thalia
galt.inspired|Galt Inspired
pauldaley|Paul Daley
jordanwelch|Jordan Welch
digital.launchpad|Digital Launchpad
read2rise_|Christopher Kriel
shoobox.user|Vansh | video creator
priskadyra|Priska Dyra
kadafidevayana|Kadafi Devayana | Personal Branding
silviananatalie07|Silviana Natalie
ioannisaesthetic|Ioannis
tony_onestix|Tony Hartono
nexusacademy|Nexus Academy by Mann Kong
cintia.tan|Cintia Tan
agencyaccelerator|Agency Accelerator
aubreyshagufta|Aubrey Shagufta
haekal_ubaydillah|Haekal
grillzbymeatguy|Grillz by Meatguy | BBQ Home Service
dimsthemeatguy|DIMAS | KANG DAGING
meatguysteakhouse|MEATGUY STEAKHOUSE
enirohma|enirohma
rivvera_a|Rivera | Sushi Girl
lenigruber|LENI 👽 | DIGITAL NOMAD SINCE 2021🌴
haryanto.kandani|Haryanto Kandani
singhdeep18|Deepanshu Singh
risqi_kurniawan|Risqi Kurniawan
nugennath|Nathan Anthony
squidtalkpod|Squid Talk🦑
baysocial_|Jasmyn | Social Media Management & Content Creator Perth
amadthemarketer|Amad Samara
fluxcreativeuniverse|Flux Creative Universe
vladhungrygen|Vlad Savchuk
sahilbloom|Sahil Bloom
edmund.t.s|Edmund Thaddeus Sim
fitxfearless|Bismarck Ebiweh
marcellinusaldo|Aldo VO
andrew8is|Andrew Susanto
recalibrate_official|Recalibrate by Vinh & Ali
david_meessen|David Meessen
social.insights_|Social Insights
justnlalonde|Justin Lalonde
backpackerkurus|Shidiq | Travel Videographer
reina.suichan|Reina Chan 陳瑞菱
reinerrahardja|Reiner Bonifasius Rahardja
thejamiebrindle|Jamie • Business of Freelance
corzogrowth|Julian Corzo
brilliaan|Brillian Milenia
scoopygang|Scoopy Gang
hamza_automates|Hamza Baig
mahdiishafiei|Mahdi Shafiei
lemans.garageidn|lemansgarage
codiesanchez|Codie Sanchez
amanddanf|Mindiw | Self Growth👩‍💻
deanandira.id|Dean Andira Hutasoit
bryantkandani|Bryant Frazier Kandani
bliryoga|Ryoga Kusnanda
creatordree|Andre | Content Creator & Business
creatorkarro|Karolis Piliponis 🇪🇺
bighypemarketing|Big Hype Marketing & Social Media
stevenhoward___|Steven Howard
instacoachmike|Mikhail Gribov | 7 fig Business and Social Media Coach
bellaintanisdsty|Bella Intani Sudestya
farrasluqman|Farras Luqman
khobur|Wisnu Eka Permana
ecomvictorknight|Victor Knight
kimikolie|kimiko
andhikarzk__|
thatslow_|𝖙𝖍𝖆𝖙𝖘𝖑𝖔𝖜_
padukacapcut|Syarif | Spesialist Editing Style Capcut
e46indonesia|BMW E46 Indonesia
hnwi.people|HIGH NET WORTH INDIVIDUAL
kepinchocs|Kevin Anggara
marcellucas_|Marcel Lucas lianto
supercoolben|Ben Sumadiwiria
houstonkold|Houston Kold
adyllaaaa|Siti Fatur Adylla
rushilshah.in|Rushil Shah | Brand and Product Designer
ilhamfhrzl21|Ilham Fahrizal | Tutorial edit video
socimatic.id|Socimatic.ID
michael.cutan|CT
devinaotaria|devina otaria | self empowerment♡
lucaschmchr|Luca 🇪🇺
ceootb|Ricky Irawan
reef_phoria|J W 🤘
koocester|Koocester
irenaananda|Irena Ayu Nanda
hzkallan|Hizkia Allan
valentinachristabels|𝐕𝐚𝐥𝐞𝐧𝐭𝐢𝐧𝐚 𝐂𝐡𝐫𝐢𝐬𝐭𝐚𝐛𝐞𝐥
kampusvisual|Gavin Arifin | Tips Foto & Kamera
oscardarmawan|Oscar Darmawan
malakaproject.id|MALAKA
niu.views|ARIEL NIU 鈕
andovidalopez|Andovi da Lopez
osbysuganda|Osby Suganda | Mentor Konten Kreator
eerolaleevi|Leevi Eerola 🏆
aldelagunadi|Aldela Gunadi
faizaledrus|Faizal Azfar Al-Edrus
jasonliuden|Jason Liuden
felix.alexander|Felix Alexander
firmanmaulanaid|Firman • Software Engineer
lisacampbellfitness|Lisa Campbell
natt.jongsala|Natt Jongsala | Video Editor
kreativekasper|Kasper Korhonen⚜️
minolee.mp4|Mino Lee
juan.cortez3|Juan Cortez
digitalsamaritan|Kushank Aggarwal
mediatics.id|Mediatics Digital Indonesia
officialandyelliott|Andy Elliott
mylenesmind|mylene mae
eevs.indonesia|Expert Education and Visa Services Indonesia
scalingwithvideos.co|Scaling With Videos
diimejii|Oladimeji Ajegbile
zachvierr|Zav | #LevelUp
ciwankcyril|siswantonandja
pack.ahmad|Ahmad Abdillah
dehidayatullahh|Dede Hidayatullah | Mobile Photography
abdify.official|Abdify ID
putriandny|Putri Andini
vilmei|Meicy Villia 🦋
arnafmedia_|Anas Rayyan Nafis | Creative Enthusiast
adamsundana|Adam Sundana
anjas_maradita|Anjas Maradita
marcelinahalim|Marcelina Halim
geralddyvv|Gerald Dyvv
modus.aus|MODUS
ceosophiaa|
wahyuimdn|Way
michellevalencialie|Michelle Valencia
anisarahim|Anisa Rahim
amaliaputrijely|Cameyo
itsdinihand|Dini Handayani • VA Coach
thebrandpilot|Vlad Leonte | Content Expert
andersonnsteven|Steven Anderson
bryanlowreels|Bryan Low
yokobomber|yoko bomb
marketingmeii|Mei Man
ekaracoffee|Ekara Coffee, Bar, Spaces, Eatery, Whatever you need
viralvideo.club|Yasin Mammeri
ab.autopart|AB Autopart
ajipsuspension2|SPESIALIS KAKI KAKI MOBIL BOGOR
ordexhaust|𝙍𝙖𝙘𝙚 𝙋𝙧𝙤𝙫𝙚𝙣 𝙀𝙭𝙝𝙖𝙪𝙨𝙩 / KNALPOT - MUFFLER - VALVETRONIC
felix.handoko|Felix Handoko
earl.essentials|Pearling | The Lifehacks Girl✨
jayshettypodcast|Jay Shetty
jayshetty|Jay Shetty
davintedja|DavinTedja
kang_rekomen|KANG FITNESS
sweatystartup|Nick Huber
thebestfounders|The Best Founders
shannonmckinstrie|Shannon McKinstrie | Social Media Strategist & Marketer
sarasa.bira|Salsabila Nur Azizah
mendikdasmen|Menteri Pendidikan Dasar dan Menengah
rocketindo_official|Rocketindo
syayasyaaulia|Yasyarifah Aulia| Hubungan Masyarakat
egirinaldii|Egi Rinaldi
copyposse|ALEX CATTONI & THE COPY POSSE
kejepangan|Ahsan - Bahasa Jepang Asik
bigwigcrypto_|BITCOIN | CRYPTO | NFT
nadiatilem|Ida Ayu Nadia Anjani Tilem
arthzy|Arya Thoriq
marlo.studios|Marlo | Branding, design & strategy
josessca|Josephine
gabrieliajustica|Gaby, S.M., CDMP, CBS. | Certified Digital Marketing Prof
fhanesaelisa|𝑵𝑬𝑺𝑨 🦢 - 𝘍𝘢𝘴𝘩𝘪𝘰𝘯 • 𝘓𝘪𝘧𝘦𝘴𝘵𝘺𝘭𝘦
jillyjanee|Jilly Jane
devianaprnma|Devi Ana
mudahcarikerja|Rahmat Thama | Career & Personal Branding
robbysnjy|Robby Sanjaya, AWP, QWP
profitplugg|Angelo Castillo
azizpict|Muhammad Aziz | Video Editor & Editing Tips
hormozi|Alex Hormozi
ahmed_tessario|Ahmed Tessario
officialpwnkumar|Pawan Kumar • Social Media Marketing | AI
b1gqing|Irene Zhao
alghifari.nat|Al
rosalyanti|Rosa Lyanti
gizinusantara|Gizi Nusantara
flea_amoreza|flea amoreza
bahasbasket|Rakha | Ngomongin Basket & NBA
windassintya|
_sallyhwang|Sally Hwang
elisajonathan|Elisa Jonathan, MD 👩🏻‍⚕️
jo.alexanderr|Johan Alexander
vanesgd|Vanessa Sugiarto
saptuari|Saptuari Sugiharto
rendra_habibie|Rendra | Dosen Affiliate
alvon.tim|Alvon Timotius
darrelladriel|Darrell Adriel
aldwinnv|Aldwin
4rilzulf1|⚓️🦍☠️⛔️🍂
angga.andinata|Angga Andinata
kalimasada97|AVS
brenda_andrina|Brenda Andrina
bellaverena|Bella Verena
rizkysudiantoro|Rizky Sudiantoro
aelin.studio|Aelin Studio
dawsoneu|Dawson Eugene
bryanlowwww|Bryan Low
jsnnath|Jason Nathanael
shagieeeeeee|Shagie
giofelladesta|Giofella Adesta
erlangga.dilaga|Erlangga | Designpreneur
meirzasyhrl_|Meirza Syahrul | Photo & Video
leo_edw|Leonardo Edwin
christobadiah|Christopher Obadiah
lifeofriza|KARIZA SANTOS
laiaboneti|Laia Bonet
hardian_ang|Ang
directedbyshidiq|Muhammad Shidiq
another.steven|Steven Leonhart | Self Improvement
waveindex|Wave Index
asahpolapikir|Asah Pola Pikir l Pak Win
hendydion|Hendy Dion Utama
dwiveramcbali|MC BALI DWI VERA | MC VEVE
leonhartono|Leonard Hartono
lesmanasteven|Steven Lesmana
akademicryptocom|Akademi Crypto
yohanesgpauly|Yohanes G. Pauly • Founder, CEO & Master Coach of Gratyo.com
wolfgangvonbraun|Putu Gunung Chesney
james_surya07|James
faqihfaturrachman|Faqih Faturrachman
ahyoonjae|Ayuni Soraya
unproductivityboi|
hebosto|Hebbie Agus Kurnia
ayunovasgz|Rahayu Novalita
curatedbyrico|Jovinus Rico
nagotejena|Nago Tejena
babykristami|Bey
rius.vernandes|Rius Vernandes
codebluuuu|Codeblu
mulaingonten.id|Eng | Mentor Konten Kreator
arkandeaux|Arkandea | Product Designer
kelaslogo|Kelas Online Desain Logo By Romexio
rickymuchtar|Ricky Muchtar
ayuhanapi|dr. Ayu Nurmuliawati Hanapi, M.Biomed (AAM)
studryl|Cheryl Ng
mussy.02|Musa Mustafa
imangadzhi|Iman Gadzhi
gwynnneeee|Gwynne
coretannyamama|Radiana
jasondalazuardy|Jasonda Lazuardy A, S. Ds.
ary.ginanjar|Ary Ginanjar Agustian
laderelaa|Della Miranti | Bali
bolehdicobadigital|Boleh Dicoba Digital - BDD
rizkifahrurrozi_|rizki fahrurrozi - oni
anastasia.irene91|Anastasia Irene | Digital Creator | Social Media Specialist
bertcreative|Bertcreative
afikcanggih|Afik Canggih
notinuseatm008|notinuse
gradyedbert|Grady Edbert
sintadfrsa|Sinta Defrisa Anggraini
didilangsing|Shindy Asparina
sofarsabi|Muhammad Farabi
ekaparianthana|Eka Parianthana
derderjeder|Farry Rizkita
ianfatah|Ian Fatah
elpriscillaa|CILLOO
secangkir.hotto|Hotto
elziwai|Guntur
angelinebostan|Angeline Bostan
rizqmuhamad_|Rizq Muh | Creative Enthusiast
agnesdavonar22|Agnes davonar
jeffsinambela|
davehenokh|Dave Henokh Liong
desainfasadrumah|Desain dan Fasad Rumah
halofitt|Fitdar The Explorer
pramestiwidya.kirana|Pramesti Widya Kirana
david22bali|David J
divaafi_|Diva
nisarahmawati04|An Nisa Rahmawati
vionadaiisy|Viona Daisy
trimegahsekuritas|Trimegah Sekuritas
dims.fahreza|Dimas Fahreza
smllael|Lael
richiewirjan|Richie Wirjan
talkwithiman|Iman Gadzhi
imangadzhireels|Iman Gadzhi Reels
moneywithmak|Makayla Piluso
pemudalanggas|Adrian Young
jetveetlev|Jet Veetlev
aureliakwan_|Aurelia
shielyv|SHIELY VENESSA
felixhidayat_|Felix Hidayat
renieffendi24|dr. Reni Effendi
ravve.id|Ravve
yukisobandi_|yuki
akademibeasiswa|PERSIAPAN BEASISWA || BEASISWA KULIAH 2025
monsieurspoon|Monsieur Spoon
john_alan21|John_alan
dewasukraa|
dear.femi|
dayonsfit|Dayonfit
celpha_|Rachelia Rapha
everette|Everette Taylor
kickstarter|Kickstarter
typedreamhq|Typedream ☁️
forbes|Forbes
michwirantono|Michelle Marcelline
faustnz|
buzzbizzfeed|BUZZ BIZZ
balilivin|BALI LIVIN'
vivianchandraa|Vivian, AWP ®, QWP ®
geoffreywoo|Geoffrey Woo
dunk.agency|MARKETING AGENCY
jourdanz|Jourdan Kamal
aliansamsudin|ALIAN SAM | videographer | editor
oktave.co|TikTok Agency Jakarta
newnomad.bali|NEW NOMAD BALI
dstyamalia_|amalia
dealls.jobs|Dealls | Loker • Konsul Karir • CV Reviewer
harvardlaw|Harvard Law School
sejutacita.id|Yayasan SejutaCita | Kuliah & Karier
andhikasudarman_|AndhiKa Sudarman⚡️
juliantichenmui|Julianti
davi.gadjali|Davi Gadjali
christopher.mienarto|Christopher Teddy Mienarto | 童伟健
epbelvroy|Edwin Patrick
aliyyah.kohl|Aliyyah Kohl
evelynchrestella|eve
juansennnnn|juan
nioly|Polina Nioly Pushkareva
riezkyrachmadhani|Riezky Rachmadhani Dharmawan
aldhyekaputraa|ALDHY EKA PUTRA
hawaariyyun|Hawaariyyun
ran_astuti|Ran Astuti [蘭]
bismaaviantara|bisma aviantara
creaptive|CREAPTIVE
tuhkan.studio|Foto • Design • Animasi
tuhkan.kreatif|TuhKan Kreatif⚡
bedahbrand|Bedah Brand
crewdible|Crewdible
mosseri|Adam Mosseri
modestmitkus|Modest Mitkus
halohanie|Stephanie Regina
bro.do|BRODO
abdlrohmn|Abdul Rohman
prodboicreative|Prodboi Creative
vinnismmt|devin
astersocial.co|Aster | Social Media Agency
shaq|DR. SHAQUILLE O'NEAL Ed.D.
pewdiepie|PewDiePie
fcbayern|FC Bayern
ksi|KSI
erling|Erling Braut Haaland
cristiano|Cristiano Ronaldo
mrbeast|MrBeast
syahdana_lim|Syahdana Lim
iksanbangsawan|Iksan Bangsawan
madelweis|𝓜𝓪𝓭𝓮𝓵𝓲𝓷𝓮
bi.lalm|Bilal Muslim
okie.sudiono|Okie Sudiono
crlnaprilia|Caroline Aprilia | Belajar Ngonten & Video Editing
thomaskralow|ThomasKralow
nonikayuwidya|Nonik ayu widya putri
dr.utamiindra|Utami Indra Putri, dr. | Konselor Laktasi MPASI Tangsel
bellamilleniaa|Bella Millenia
edwardsusanto_|Edward Susanto
alice_liuuu|Alice Liu
sekreativ|sekreativ | Media-nya Gen Z
joshhartwich|Josh Hartwich | Creatorpreneur
rizkigustipratama|Rizki Gusti Pratama | Personal Branding Booster
matthgray|Matt Gray
kangaviv|Kang Aviv
yosanatan|Yosa
amazonkindle|Amazon Kindle
albert_tan.official|Albert, -
mini__yoo|ｙｏｏｓｅｏｎ
tommyteja|Tommythings | Tommy Teja Adhiraja
insidefolkative|Inside Folkative
__theinsidescoop|THE INSIDE🍦
derekmoneyberg|Derek Moneyberg
tattagustin|
jxprotrading|JXPRO TRADING INDONESIA
lahelpedme|LaDale Juniel | Platform Growth & Marketing
devinjatho|Devin Jatho | Content Marketing
meisyasallwa|Meisya Sallwa
valenciaharlette|Valencia Nathania
benjaminnnbryan|BEN
dickyzaf_|dicky zaf
fuseek_|fuseek • Digital Marketer
ucinspiky|MUKHSIN BUCHARI
hey_timi|Handi Setiana
ceritapapi|Putra D
rclnatasyaa|Jennifer Rachel
dariennfd|Darien Faithdaniel
akedible|Jasa Branding & Marketing Bali
thania.kusmalinda|Thania Kusmalinda | Marketing & Finance Geek
bravechildren.id|Brave Children 🗣️
michelletheodoraa|Michelle Theodora
revyhalim|Revy Christanto Halim
bravelove.id|BraveLove | Tips Cinta
feliciadiana.a|Felicia Diana | PM & Multidiscplinary Designer
bundabenna|Buna ☾
yosefinaeunike|kekespillthetea
jadisales.id|jadisales.id | Bantu Sales Jadi Luwes dan Bermutu
the.alphaboi|Ariel Andersen
bound_to_success|Success Bound
jembar.digital|Jembar DGTL - Social Media Management
yasasinggih|Yasa Singgih
vincentliim|Vincent Salim
videolabs.id|Video Labs - Kelas Videografi & Video Editing
kevinchristabel|kevin christabel
sylviatann_|𝘚𝘺𝘭𝘷𝘪𝘦'
eri.carl|Erika Carlina 🍷
sid.dgid|Sid | Digital Agency
diofr|Dio F Ramadhan
skipjack.digital|Digital Marketing Agency
tr_rinar|TRRinar
jpckemang|JPC Photography Store
marcellaeteng|Marcella Eteng
jenniferchrstie|Jennifer Christie
attarischa|Agata Paskarista, M.Psi., Psikolog., CPS
andrew_yudha|Andrew Yudha | BELAJAR BAHASA INGGRIS
scuba_indah|Indah Tasyana | PADI Scuba Diving Instructor
astridcyt|
icespice|Ice Spice ☆
suncan.k|Ariel kurniawan
kikummmmm|#UpgradeBareng | @kikummmm on TikTok
itstimwijaya|Tim Wijaya
biancarchla|Bianca Rachela
ayuusiskaa|Ni komang ayu siskarina dewi
avakomunika|AVA Komunika | Social Media Creative Agency
melialaurenz|𝑀𝑒𝑙𝑖𝑎 𝐿𝑎𝑢𝑟𝑒𝑛𝑧
sheggario|Ario Pratomo
thedankoe|DAN KOE
yohanagustian|Yohan Agustian - Business, Ecommerce & Marketing
davidalfasunarna|David Alfa Sunarna
catikagroup|Catika© | Komunitas Bisnis
graciatumakaka|Gracia C. Tumakaka
reyfrangswa|Reynaldi Francois
afrizalprojects.id|Afrizalprojects | Video Editor
ilmizainal99|MZI | Digital Marketer
alifa.radiantvoyages|Alifa ✿ Believe in Divine Truth🔮
merchant.indonesia|Merchant.id
tmb.partners|TMB Partners
yatra.creative|Yatra Creative Agency
adesyahlubis|Ade Syah Lubis
aghniaaafr|aghniaaafr | Growth Mindset
sum.n.co|SUMMER AND CO
englishplease.id|Les Privat Bahasa Inggris
kjv.motostart|KJV MotoStart
dyonbanggara|DYONBANGGARA
productivityboiacademy|Productivityboi Academy
latteandbed|Shinta
zakimages|Zaki | Designer
4amshower|4amShower By Guy Kopsombut
biasalahanakmuda|Rumah Gibah Ceria
_workchronicles|Work Chronicles
heyeaslo|Easlo
golimitlesss|Go Limitless
product_mindset|Product Mindset
itchallenges|IT Challenges | Coding & Programming
programmer.me|The Future Programmer
unhingedpm|Chaotic Product Manager
the.productgeek|Arindam Nath | Product Manager | Product Management Mentor
neuralnine|Machine Learning & Coding 💻🧠
hellostorytale|Storytale | Storytelling Marketing
wegetcontent|WE GET CONTENT
miss.excel|Kat: Chief Excel Officer
statistic.ly|statistic.ly
digital_chadvertising|Digital Meme Strategist🍪
humanstats|Statistik & Data Visual
mdimdimdi|Emdi
niceplace.sub|Surabaya Coffee Shop Reference
mauzzarella_|Corndog Mozzarella Surabaya
daffanusi_|Dapp
abduhsudaisiy|Abdurrahman Assudaisiy
helmi.gif|Helmi Giffari
daveemanuelle|Dave Emmanuelle
bravespeakers.id|Training Komunikasi & Public Speaking 🗣️
raihanslife|Raihan Alif | Motion Designer
baniadil|Bani Adil Insan
irwandiferry|Ferry Irwandi
andriyantoo|Eko Andriyanto
iputuhenry|
suryaprtmjnrv|
rendy|Rendy Maulana Akbar
insting.digital|Insting Digital | Cuan dari Bisnis Online
radenbimo87|Raden Bimo Saputra
riniast|𝗥𝗶𝗻𝗶 𝗣𝘂𝗿𝘄𝗼 | Review&Rekomendasi
anwar.choladi|Bang Anwar | Belajar Tahsin & Tajwid
lokerbali.info|Loker Bali Info - Lowongan Kerja Bali
lokerbali|Lowongan Kerja Bali
eenwierono|Endang W Wierono S.E, M.H, C.fT, CIEM
qausa.id|Qausa Properti Lestari
imamsmail|imam ismail
jimy_wang|Jimy Wang
jasterweb|JASA PEMBUATAN WEBSITE #1 🔥
wildanlazuardi|Wildan Lazuardi Fajar
mayar_id|Mayar
niaghania|Ghania Harsono
dono_salimz|Dono Salim
shindy_ssa|🇸‌🇭‌🇮‌🇳‌🇩‌🇾‌ 🇸‌🇸‌🇦‌
mydesain|MY Desain Wedding Mahar/Ringbox/Home Decor/Baby Bio/Kado
harvestholiday|Private Tour Specialist
narko.santoso|Narko Santoso, CTA®, CHt®
wahpino___|wahpino
chikifawzi|Chiki Fawzi
copydarihati|Ci Kez! | Tips Copywriting
awanpedia|Awan Setiawan
tipsdokter.ig|tipsdokter.ig
nazhifuu|Nazhif Ubaidillah
dr_yongki|Dr. Yongki
rialdymaulana|Aldy | Canvassador
buddyku.creators|Buddyku Creators
buddykuofficial|BuddyKu Headlines
shxxlins.id|Inspirasi, Rekomendasi, Tips Cowok | Shxxlins
aldhilife|Haamim Rizaldhi
byandinafisa|Andi Nafisa Rifay | Editor Smartphone
millajolla_|
anangyb.writer.coach|Anang YB | Mentor | Ghostwriter | Penulis Biografi
mbetand|Meiliana Betand
fore.coffee|Fore Coffee Indonesia
tonyrobbins|Tony Robbins
logobuatmu|Desain Logo Siap Pakai
joelishiwata|JJI
gustialfn|Gusti Alfian
beyond9to5.id|Beyond 9 to 5
liapsari|Natalia
anthonyfuin|AnthonyFuin | Uncle Fuin
desvalia|Desvalia Dwi Simputra
cencenshania|Shania Aprilly
ressyputr|ressy putri
dettaiki|Bernadetta Srijayanti
rian.william|William
rentalgacorbali|Luxury Rent Car Bali
sharoniapatricia|Sharonia Patricia Paruntu
ho.kezia|𝑲𝒆𝒛𝒊𝒂 𝑯𝒐
lunamare.id|𝐋𝐮𝐧𝐚 𝐞 𝐌𝐚𝐫𝐞
keisavourie|Coach Kei
aftershave.id|Barbershop Bali | Home Service
si.pattaya|Anna Sipataya❣️
joker_winangun|JoCker Winangun
fauziahanummakeupteam|Fauzia Hanum Makeup Team
bellaferyana.atelier|Bella Feryana | Bridal MUA
hartanahgroup|Hartanah Group
koperasihartanah|Koperasi Hartanah
deryanshaa|Dery | Founder of Kasisolusi
jadijagodotcom|Your Digital Marketing Media Literacy
nathasyauliaf|NAT
isyesalonbandung|isye salon bandung
billaliffian_|Bill Aliffian
aksoro.id|Aksoro Business School
pratama.adythia|Adythia Pratama
yogaafdilah|Mas Yoga
maxbasill|Max Basil
cakeology.jkt|Custom cake jakarta
keku.jkt|Custom & korean cake jakarta
atvezzo|AT VEZZO OFFICIAL - VEZZO STUDIO
bychristiebasil|CHRISTIE BASIL
christiebasill|Fransiska Christie Basil
danielsantoso75|Daniel Santoso
chris_jhn|Chris John
kitabuku.id|EDUKASI DAN MENGINSPIRASI
upgraded.id|Upgraded.id | Belajar & Komunitas Digital Marketing
babi_guling_pak_malen|Babi Guling Pak Malen
cpreneur.id|Cpreneur
padepokangendeng|PADEPOKAN GENDENG
clubsuhuindonesia|ClubSuhu🔥
clorismen|Clorismen Official
akbaralatas|Akbar Alatas
putraajiadhari_|Putra Aji Adhari
sibertrenid|Platform Cybersecurity Indonesia
faisaljofry|Faisal Aljofry
ciptagrafika.official|Percetakan Terbesar di Karawang #SupportUMKM
ricangeloo|Eric Angelo | Product Designer
teresa.jia|teresa jia
bellaferyana|Bella Feryana | MUA & Beauty Creator
mahirkerjaedu|Mahir Kerja | Upgrade Skill
ripaldi_ramadan|Ripaldi ramadan
harishashfa|Harish Ashfa El Hakim
vincentraditya|𝗖𝗮𝗽𝘁𝗮𝗶𝗻 𝗩𝗶𝗻𝗰𝗲𝗻𝘁 𝗥𝗮𝗱𝗶𝘁𝘆𝗮
veyrubyjane3|Vey Ruby Jane
erasmusuniversity|Erasmus University Rotterdam
ugm.yogyakarta|Universitas Gadjah Mada
kennyharyanto|Ignatius Kenny Haryanto
tukangcukurgimbal|Bags | Easy Punk #1st🇮🇩
rajatravel.id|RAJA TRAVEL
paparich666|Randy Permana
thecutrumah.barber|THE CUT RUMAH | BARBER ANTI GAGAL
larasatie.indonesia|Katalog Larasatie
1000startupdigital|Gerakan 1000 Startup Digital
csugiono|Christian Sugiono
christiandicky|Christian Dicky
celine_evangelista|Celine Evangelista
marshel_widianto|Marshel Widianto
alphisugoi|Alphiandi
influenceid.circle|Circle Management
influenceid.app|Influence ID
yusrilisya|Isya Yusrilyahya
asian.sportcars|LUXURY RENT CAR BALI | RENT SPORTCAR | SEWA MOBIL SPORT BALI
vocasia|Training | Online Course | Sertifikasi
terbitanku|INSPIRASI TERBIT PUSTAKA
indra.sugiarto|INDRA SUGIARTO
harisenin.official|harisenin.com | Online Bootcamp | Course
hendysetiono|Hendy Setiono
monicmars_|吴章情
rinaldi_ni|apt. Rinaldi Nur Ibrahim
impactfulwriting|Belajar Content Writing + Copywriting = C.IW
igwithniklas|Business Content by Niklas Pedde
money.focus|Motivation | Business | News
niklaspedde|Niklas Pedde
uriel.laguarda|Uriel Laguarda
utter_academy|Utter Academy
dimasramadhan|Dimas Ramadhan
instingmarketing.id|Digital Agency Surabaya | Social Media Management
jefnardo|Jeffrynardo
ciciaffiliator|Ci Nat | Cici Affiliator 💸
cerdasin_indonesia|Gedion | Tips WA Marketing
soniabasil|Sonia Basil
agatha.oktavina|Raphaela Agatha Oktavina
deandreacrl|Andrea Carolina
dellazia|Dellazia Clarissa
fian.febriann|Traveling - Networking - Repeat
nicollaapp_|Nicolla Adam
acttomedia|Actto Media
drlchannel.official|dr. Richard Lee Entertaiment
dr.richard_lee|dr. Richard Lee, MARS, AAAM
royalenfield|Royal Enfield
sarahvilo.id|Sarah Viloid
masakingroup|F&B Group
bismaadiputra|Bisma - F&B Investor & Advisor
martinpraja|Martin Natadipraja
clanliving.id|Clan Living
alffy_rev|Awwalur Rizqi Al-firori
giias_id|GIIAS
anitaamir_|ANITA AMIR
alabisyir|Najla Bisyir
breadyshop|SEMUA BAJU PRODUKSI SENDIRI
thisisapril_|THIS IS APRIL
haidarafifm|Haidar Afif Maulana
_winbu|WinBu
winnews_|WinNews
rianputrautama|Rian Putra
stockpeek.id|StockPeek
_michaelyeoh|Michael Yeoh
ketut_suiasa|Ketut Suiasa
ade_govinda|Ade Nurulianto
overheardahensi|Overheard Ahensi
argardn|Arga Radian
theresiatedja|Theresia Tedja
suryadi_hidayat|Suryadi Hidayat
dplava_rum|Dplava Spiced Rum
floraneandhari|Florane Andhari
bangjoeofficial|Joey
mentai.keun|MENTAIKEUN
edihartonoliem|Edi Hartono
eviandriani94|Evi andriani 94
faouzi.id|Achmad Fauzi
jungyat|Jungyat
revokmd_|Revo Kamudi
kokoisorg|Komunitas Konglomerasi Nasionalis
ruangnyaman.design|Ruang Nyaman
dindadevia|Dinda Deviani Putri
optkrodrigues|Patrick Rodrigues • Designer 🏆
anantawij|Ananta Wijaya
numberono|Sugi Kun
ferdysatria_|Ferdy Satria
gita_widihartama|Gita Widihartama
iqbalahdalino|Iqbal Ahdalino
tudee7_|
putu_bayu_cakra|Putu Bayu Cakra
endrockstoreofficial|Endrock Catalog & Comunity
jcibadungbali|JCI Badung Bali 🌴🇲🇨
mdadangkurnia|Dadang Kurnia
barongunadi|Baron Ibrahim Gunadi
davidherson_official|David Herson Tonius
syammas.ps|Syammas P. Syarbini
komunitasppc.saham|Para Pencari Cuan
wihgi|Wihinggil Prayogi
sribu|Sribu | Solusi Bisnis dengan Freelancer
aldiogunadi|Creator Labs | Tongkrongan Kreator +62
pembelajarproduktif|Bang Umar | Productivity Coach, Trainer, Author
fazanash|𝗙𝗮𝘇𝗮𝗻𝗮𝘀𝗵 | Elementor Expert - UI Designer
hansen_gianto|Hansen Gianto
iamsahiljasuja|Sahil Jasuja | Marketing & Personal Branding Strategist
gamal.men|GAMAL
thisisramasatya|Rama Satya
productivityboi|RAMA SATYA
rafid_febri|Rafid Febri
semakindidevan|Devan “Demotivator” Yulio
andizul302|Andi Zulkarnain Mc.D.,KF.c,.Ph.D.AW.STMJ
bigi.ramadha|Bigi Ramadha | Intellectual Property Specialist
liamtanu|William Tanuwijaya
gladys_klt|Gladys
clarajunifer|Clara J
wiraasatyadiputraa|
helloitsmelli_|Mellisa
farzanfaruk|Farzan Faruk
browillytan|Bro Willy
vanessachristabelle|Vanessa Christabelle
sennitamara|Senni Tamara
asep_herna|Asep Herna
ajprojectphoto|Bali Photographer
laksanabagas_|Laksana Bagas | Internet Marketer
coachsugengsantoso|Coach Sugeng Santoso
escapenusapenida|Nusa Penida Tour and Travel
gdebp|Gde Brawiswara Putra
finley.valens|Finley Valens
gandhiwinata|Gandhi
emilykwik|emily
revyrizquna|revy rizquna
tehindari|Indari Mastuti I Tips Nulis dan bisnis
indscript.creative|Indscript Creative
aartidesk|Aarti Sachdeva | Social Media Marketing | Instagram Growth
lynk.id|Lynk | Creator’s bestfriend
rezapurnama|Reza Purnama Putra
jesnatte|Jessica Natalia
mikeysfelix_|Michael Felix
codewithfred|Alfred | Belajar Koding & Teknologi
rolandowebdev|Rolando Pranata | Bahas Coding 🇮🇩
adityafakhrii|Aditya Fakhri | Belajar Coding 🇮🇩
labrisabali|LA BRISA BALI
antleo11|Anton Wijaya
freddyferd|Freddy Ferdinand
hendrikogani|Hendriko Gani
andhika.diskartes|Andhika Diskartes
stockmrkt.id|Pasar Modal | Edukasi Saham
ocademyid|OCademy | Platform Belajar Dropship
jokoanwar|Joko Anwar
lickpalik|Lik
tahilalats|MINDBLOWON®
mindblowonuniverse|Mindblowon Universe
aaldyyyy|
tampenawasrico|Rico Tampenawas
basedbybasil|BASED by Basil
ronaldbasil|Ronald Basil
farissahmmad|Faris Ahmad - Excel Hack
oneclickmedia.idn|Marketing Agency
leonardoandrekusuma|Leonardo Andre Kusuma
hansendjulianto|HAZZLE
harvish.d|𝖙𝖍𝖊 𝖍𝖆𝖗𝖛
jokiyuk.co|JOKI MLBB INTERNATIONAL #1 🏆
fachriiridwann|Muhammad Fachri Ridwan
oils_lady|Young Living brand partner
essenzo.indonesia|Essenzo Essential Oil Diffuser Madu
joarskincare|Joar Skincare
akademibisnisdigital|Akademi Bisnis Digital
nelafa.id|Nelafa Hijab
ffaizdaffa|王云
behindthegab|gaby felicia sudi
fildabeat|Filda Salim
monicaisaputra|Monica Irene
fin.designn|Fini Charisa | UI/UX Designer👩‍💻
cambridgeuniversity|University of Cambridge
vcgamers.news|VCGamers News
ycombinator|Y Combinator
modalrakyatid|P2P Lending | Modal Rakyat
upbanx|UpBanx
wafataftazani|M Wafa Taftazani
tidar.pp|Tunas Indonesia Raya
jefflernerofficial|Jeff Lerner
chaeralee|Chaera Lee by Nurhaerani - Modest Fashion Designer
susizhou88|susi
rizky.drmw_|Rizky Darmawan
google|Google
dennishadii|Dennis Hadi
joshjanisaputro|joshjanisaputro
karina.lie93|Karina Lie | Couple Business
iwearpanama|Panama Sandals Indonesia
livingworks.id|LIVINGWORKS Indonesia
frankiewp|Frankie WP, CFP®
cardovaeric|Eric Cardova
dayangmelati|Dayang Melati
eric_wt|Eric W. Tjokrorahardjo
doddybening|Doddy Bening
hitmansystem_official|Hitman System
alvinjoner|Alvin Joner Gultom
fahmialhadad|Fahmi
famestate.luxury|Fam Estate Luxury & Commercial
denniarnanda|Denni Arnanda
famestate.group|FAM Estate Group | Property Ecosystem
sagaliving.id|Saga Living | Interior Design Storyteller
casaqita|Casa Qita | Property Storyteller
lafacile.id|Info Properti Semarang
mindhomes.id|mindhomes.id (Property Media)
pillarumah.id|Pillarumah Id
barnum.id|Barnum Satia Properti ™
homediation.id|Home Mediation
houxist|“The Power Match” Rumah Idaman
arthreeland|ARTHREELAND
laviehomes.id|La Vie Homes Media Rumah Cantik Indonesia
trusthome.id|JUAL BELI PROPERTI JABODETABEK
huwsview|Huw Davies
miraeassetsekuritas_id|Mirae Asset Sekuritas Indonesia
idx_channel|IDX CHANNEL
indomusikgram|INDOMUSIKGRAM
dantioktavanya|Ridanti Oktavanya
gptefan|Stefan 🇦🇹
talktoarlene|Arlene Clarissa
jasonhartman1|Jason Hartman
dosenjualan|SURYADIN LAODDANG
jastermedia|JasterMedia ✪
adityasrgr|Aditya Siregar
adhibaskoroo|Adhi Baskoro | Digital Ads Specialist
koinworksneo|KoinWorks Bank
koinworks|koinworks
adhityatri20|Adhitya Tri Arifianto
jagolandingpage|Ali | Landing Page Creator
royshakti|Roy Shakti
travisbrown|Travis Brown
thelawncanggu|The Lawn Canggu
kelspatricia|Kelly Patricia
rakaminacademy|Rakamin Academy
junarasunyi|Junar Asunyi
ongshuyi.official|Breakthrough Coach
nachoseann|Nicholas Sean
kadekaditiya|Kadek Aditiya
flimtyfiberbali_|Flimty Bali | Flimeal Bali | Flimcol Bali | Flimburn Bali
coach.roby.tjiptadjaya|Executive Coach & Mentor
belindatanoko|Belinda Tanoko
rhenald.kasali|Rhenald Kasali
melipatstudio|Melipat Studio
underwater.lunatics|UNDERWATER LUNATICS
uwlunatic|Luca Keller
calebboxx|Caleb Boxx
digimo.invitation|UNDANGAN CETAK/FISIK
digimo.web|UNDANGAN WEBSITE
undangandigimo|UNDANGAN DIGITAL MODERN
menicatalog|Katalog Desain Menica
menica.pro|Menica Indonesia
wekita.id|Undangan Digital Website
moveonmultimedia.id|MOVE ON MULTIMEDIA
dewira76_|Dewira - Productivity & Self-dev
ussnetworks|USS Networks
dion.traderku|Dion ~
alexpranata27|江校平
bobbyimportir|Bobby Import China 黄伟福
rebuildingproject|Rebuilding Project
karenlie02|Karen
gemathebillionaire|Dr.Gema Goeyardi,CAT,CFTe,MFTA,ATP
iqbl.nrfq|Iqbal Nurrofiq
ui_madebyiqbal|Iqbal Nurrofiq
foundr|Foundr
sebulansekali.id|Sebulan Sekali
tokopirro|Trusted, Authentic & Original
jouska.apparel|JOUSKA.APPAREL™︎
smartvestasi_|Investment Education
podkah_|Podcast Menikah
mediumbyfolkative|Medium by FOLKATIVE™
growthacker.id|Growth Hacker
jasawebindonesia|PT Jasa Web Indonesia
digitalrajas|RAJAS | Ai | Tech | Content & Video Marketing |
little_stephy0925|Stephen Tam
maswahid|Mas Wahid
africangeeks|Kweku Minnow ● Canva Expert 🇬🇭
davidherlian|David
mukhaircareid|Official Muk Haircare IDN
alikaislamadina|Alika Islamadina
sandradewi88|Sandra Dewi
adhrrf|Adhiramsyah Choesin (Adhi)
itsrossa910|Rossa
anggikabolsterli|Anggika Bölsterli Soeharto
gitasav|Gita Savitri Devi
belvadevara|Adamas Belva Syah Devara
vidialdiano|VIDI
maudyayunda|Maudy Ayunda
rigensih|Rigen Rakelna
ciciplanning|
kalinvelicia|Kalin Velicia
swainmahisarecords|SWAIN MAHISA RECORDS💿
hillfromlamhot|Hillfrom Timotius Sitanggang
iam_mr.mindset|🌍Muhammad Ichram
naomi.wickedesigns|NAOMI | DESIGN for everyone | Social Media Marketing | Ai
akujuara_|AkuJuara
aureliasurja|Aurelia Surja
content.to.clients|Content To Clients
thetylerarcher|Tyler Archer • Sales & Business Coach
gregoriuschandra|GregoriusChandra(Sales Coach)
capta_media|Stefano | Social Media Marketing | Facebook Ads help
intinyacuan|Ramadhani Mataru, SpI | Spesialis Iklan
hanzel.sept|Hanzel Septian
luckchan|Lucky Chandra
kopititikkoma|Kopi Titik Koma
gerry_juara|Gerry
har.chung|HARIYANTO CHUNG
fahamidigital|Fahami Digital Agency
kelasboscom|Kelasbos - Digital Marketing School
fahmihakimofficial|Fahmi Hakim
bahasvideo|Al Ghazali || Mobile Videographer
kemponqq|Zayn
oliviagitta|Olivia Gita Handersen
aprilianalizal|Josephine A 🌺
diskusi.investasi|Diskusi Investasi | Kevin Billy
foxazius|Andi Azril | cinematography & video editing
enosaditya|Enos Aditya Saputra
mmg.id|Monday Madness Generation & Co.
fujifilm_id|Fujifilm Indonesia
naraya_dika|R3LENTLESS
salpriadi|𝐒𝐚𝐥 Priadi
damonalbarn|Damon Albarn
alinewiratmaja|Juanita Wiratmaja
graphic_tutorial|Rohit | Graphic Designer & Video Editor
creativsigner|Taqin - Sharing Tips Editing Canva & Creative Content
ranggazlaksmana|Ranggaz Ananta Laksmana
chrstnmok|Christian
sir.vicky|Vicky Kurniawan 🇮🇩🇮🇩
bellafit.id|Bella | strength training, fitness, workouts
isabella.cristie|Bella
danemcbeth|Dane McBeth
mudahmengingat|Prayuda | Muslim Content Creator
angelenees|Angelene S | Expert UGC Creator & Real Estate
yeshuaabraham|Yeshua Abraham
dwindown|Dwindi Ramadhana
codingwithsagar|Sagar | Programming Trainer
thesocialgaurav|Gaurav- IG Experts
ajaysinghdigital|Ajay Singh | Digital Marketing
animolife|Animo Life | MBTI & Self-Discovery
thebami_|Samuel Ayobami | Brand Strategist & Manager
alek.octopus|Alek Angelov • Sales & Marketing Coach • Money Tips
bennix.official|Bennix | Multibagger Investor
mr.funsho|Funsho Felix
socialwithpedro|Pedro | IG Growth & Marketing
froyonion|Froyonion
dhikalana_|Dhika Lana Kusara
giorrando|Gior | Garistemu
fierda.amelia|Fierda Amelia 💸📚✨
juven.wens|Juven Wens
kampusmarketing|KampusMarketing.com
stevenfernandus|Steven Fernandus
masteronlinecommunity|Master Online Community
richardputraofficial|Richard Daniel Putra | Pengusaha Digital
jasawebsites|JASA PEMBUATAN LANDINGPAGE
landingpax|Jasa Pembuatan Landingpage
saranalulus.id|JASA JOKI TUGAS DAN SKRIPSI BERGARANSI #1 🏆
dewatawebdesign|Jasa Website Bali & Marketing
click4dizital|Nitin Bisht
clementmoto16|Clement Ananto
hasyimjourney|Hasyim Journey
betterwithalexander|Nutrition & Fitness Coaching
im_hasibuan|Ichsan Madani Hasibuan
markasbesarjoker|M B J |  fitness
kingreyans|Reyan Sultonik
powerbybooks|Power By Books ™
indovisualstudio|INDOVISUAL STUDIO FOTO GRESIK SURABAYA SIDOARJO
oliviarodrigo|Olivia Rodrigo
belajarcarabelajar|Iwan Kurniawan
dynamic.buzz|Nano-Micro Influencer
willcreative.id|Will Creative
theannelihansson|Anneli Hansson- Brand strategist & Coach
alfredogusvirli|Alfredo Gusvirli
digikarya|DigiKarya Creative ID
bija.creative|Digital Marketing Agency Jakarta Bali
tito.ikhsan|Tito Ikhsan Rozak
visualabs_id|Visualabs | Partner Marketing BERGARANSI 💯
creativecapital_cc|Creative Capital
meetemen.id|Mee Temen
agustinus.michel|Agustinus Michel (Paksugus)
jpark_fit|Jeremy Park 🌴
mrtgroup.id|MRT Group | Business Community
mickalexandro|Mick
prambors|PRAMBORS
raflyfawwaz|RAFA
aiesecindonesia|AIESEC in Indonesia
desiindarti|desiindarti
ombentrader|Om Ben
zabrinaraissa|Zabrina | Saham
hipwee|Hipwee
weareenough.or|#WeAreEnough Org
robyoktober|Coach Gokil
idocprakoso|MAS IDO
luthfigo|Mohamad Syahril Lutfi
zharif.dk|Zharif Dary👑
dita_mandasari|Dita Mandasari Promono
alignleft_|Rizky Berkah | Desainer Grafis
zhiyamaulana|Zhiya Maulana Yusuf
gmsadad|Sadad | High-Ticket Coach
marcmarquez93|Marc Márquez
prasdiman|Prasetyo Budiman
superlativesecretsociety|SuperlativeSS
alifa.bizgrowth|Alifa | Positivity | SelfLove♥
evoleneofficial|Evolene
adirangga_|Adi Rangga Rusmana
jayasetiabudi|Jaya Setiabudi
edwinsan92|Edwin Santoso
nathanhandryanlim|Nathan Handryan Lim
official.tribeversity|Tribeversity by Tribelio
ceritacorgi|Gummy & Cassie ❤️
bektisutikna|Bekti Sutikna
riopurbaid|Rio Purba | Designprenuer
masadans|masadans
reglow.official|Reglow by Shindy Putri
angiebong21|Angie Bong
lintobaro|LINTO BΛRO  │  𝙎𝙤𝙡𝙤 𝙁𝙤𝙪𝙣𝙙𝙚𝙧 • 𝙉𝙤𝙩𝙞𝙤𝙣 𝙀𝙭𝙥𝙚𝙧𝙩
delonixsen|𝗗𝗲𝗹𝗼𝗻𝗶𝘅 𝗦𝗲𝗻𝗷𝗮𝘆𝗮
parispernandes_|Paris Pernandes
kkajhe|Jekson Karmela
dewacoinofficial|DewaCoin (DEWA)
finplan.id|Finplan ID
jonathanewaldo|Jonathan Ewaldo Gavrila
davidl_fit|David Louis
maichel_lim|Maichel lim | Fitness Coach
ghozaliphoto|Sultan Gustaf AL Ghozali
ridwankamil|Ridwan Kamil
fredy_wijayaa|Fredy Wijaya
reviewbali_|REVIEW & CO.
arifwicaksono7|Arif Wicaksono | Digital Marketing
deboraakristiana|Deb🕊️| UGC Creator
pahamfilm|Paham Film
jrnycrypto|Tony - JRNY Crypto
nft_artist_indonesia|NFT artist INDONESIA
cryptocollabs|CryptoCollabs
fendawork.std|fendy | illustration logo
pintu_id|Pintu.co.id |Aplikasi Investasi Crypto
hai.dudu|Dudu Dagelan
silviawulandari|Silvia Wulandari
boim97|Ibrohim Fadlannul Haq
eminem|Marshall Mathers
c_01.nft|Cobalt by C-01
freyaallan|Freya Allan
rickyharun|Ricky Harun
cryptocomofficial|Crypto.com
murzseum|Murz Museum of Tech
dmuktiy|
djitugo|Djitugo | Digital Marketing Agency
mister.aloy|BANG MISTER ALOY
original_little_sam|Sam
frantinomatthew|Frantino Matthew Hutagaol
clamor.co|clamor.co
musclefirstofficial|MuscleFirst FITNESS SUPPLEMENT
teguhpengabdian|Teguh | Muslim Digital Marketer
ariefnasuko|ABN - ARIEF BUDIMAN NASUKO
arlikurnia|Arlianto Kurniawan
jocelinesomer|𝐉𝐎𝐂𝐄𝐋𝐈𝐍𝐄 𝐒𝐎𝐌𝐄𝐑
youngtrepreneur.id|Aldo | Performance Marketing UMKM
coffeshop_atmarasa|atmarasa • id
nashir712|nashir712🦉
roomamustudio|
fam.estate|FAM Estate (Media Properti)
ratih.kenzo|Ratih Kenzo
baleomol.official|KELAS BISNIS ONLINE BALEOMOL
milesmanager|Miles & Point Secret Community
unmute.visual|PT.unMute Visual Indonesia
foto.laku|JASA FOTO/VIDEO PRODUK UNTUK UMKM
erick.frnando|Erick Fernando
atmarasa.id|Atmarasa | Supplier kopi
kristinvania|Kristin Vania
anastasiavrg|Anastasia
vincentius.prasetio|Vincentius Prasetio
akanglead|Call Me Kholid
gilangmalikk|gilang kresna m.
feliciagoly|Felicia S Goly
looyal.id|Looyal | Super Selling Platform
nutrifood|Nutrifood
lokalate|Lokalate
lmen|L-Men Official
yamextian|Yesaya Christian Ds
wumard|Mardi Wu
boardicle|#1 KURSUS ONLINE BAHASA INGGRIS PRIVAT
jefferson.laksanaa|Jefferson Laksana
antarestar_outdoor|ANTARESTAR
triyandana04|Triyan Jastian Yida
tomliwafa|Arizal Tom Liwafa , ST , MM , MH
cindyputri_w|[ CINDY CANDY ]
alphabisnis.mc|Alpha Bisnis Masterclass
ocbc_indonesia|Bank OCBC
everwhiteid|EVERWHITE
williamlautama|William Lautama
tfrnews|TFR
mandycj_|CJ
iqbalmaulanacom|Iqbal Maulana
karyanoesantara|KARTARA
rhyoreta|Rhyo Reta | WP Developer | Marketing Digital
umkm_talks|UMKM Talks by Karya Noesantara
iwaatt|Iwat
hengkyadinata21|Hengky Adinata
adityapramanna|Aditya Pramana - Smartphone Videographer
kefasevander|Kefas Evander
coffeemeetstocks.id|Coffee Meets Stocks
putriniisaa|Putri Annisa
digimaxid|DMMX
urbansneakersociety|USS
ussfeeds|USS Feed
kick.avenue|Kick Avenue
jejouw|Jeffry Jouw
riseuptanrise|RiseUp by Tanrise Property
naufalhariono_|Naufal
ivananwar.id|Ivan Anwar | Digital Marketer
zancreativ.id|KEBUTUHAN NGIKLAN
connectpedia|Komunitas Bisnis Keluarga Connectpedia
doyoumike|Michael Lorenzo (Mike)
tbbusinessschool|Tri Bhakti Business School Kampus Bekasi
chandrafirmanto|Chandra Firmanto
eskalasi_21|eskalasi.id
agung69|Agung Hari Prabowo
yuriqois|Yuri Qois | Internet Marketer
apotekerhack|Eza Riyeni | Apoteker
pwalujo|Patrick Walujo
menantea.toko|Menantea | Tea & Beyond
gufronsyarif|Gufron Syarif
ariobayu|Ario Bayu
mtanoko|Melisa Tanoko
tommcifle|Tom MC Ifle
indra_sukses|indra
sjoesoef|Sanderawati Joesoef
devinakonatra|DevinaKonatra
will.reyhan|William R. Handoyo, S.H., M.M.
tancorp.id|TANCORP 🇮🇩
afternow.media|AfterNow Media
jokowi|Joko Widodo
voza.tower|VOZA TOWER
htanoko|Hermanto Tanoko
ideacloud.id|IDEACLOUD®
vsll_116|Vesllie
affiliatepemula|M.Noor | Affiliate Marketing
adi.mci8|Suhaidi Jamaan
jehianps|Jehian Panangian Sijabat
jessicaaemilia_|Jessica 周慧敏
ikoy2an|Platform Berbagi Kebahagiaan
aerostreet|Aerostreet 🇮🇩
titanelianto|Titan
la2gig|LaLa Gig
khalidagan|Agan Khalid
shinjifilm|Shinji Films
andre.kokois|Andre Putra Kurniawan
webcorner.id|Creative Web Agency
bellapoarch|Bella Poarch
myedusolve|MyEduSolve | Sertifikasi
longlive.wear|LONGLIVE® | STREETWEAR
vins.bali|Bali Super Car & Villa Rent
koota.production|Event Production, Booth, Backdrop, Interior, NeonBox Indonesia
indovisualgram|INDOVISUALGRAM | Creative Community
indovisual.media|Multimedia Production Surabaya, Denpasar, Bandung, Jabodetabek
setiawan_adi007|THIO ADI SANTOSO
elementorhack|Rizki | Elementor Hack
fadhil.dzikri|Kang Fadhil • Marketer
iestrikusumah|𝐈𝐞𝐬𝐭𝐫𝐢 𝐊𝐮𝐬𝐮𝐦𝐚𝐡, 𝐒.𝐏𝐬𝐢., 𝐂𝐁𝐂
bvngall|Alen
fyquote|For You Quote
andhikayudhaid|Andhika Yudha
omyusranarifin|Yusran Arifin, CPT | Digital Marketing Trainer
lauravia.c|Via
fxiwan|FX Iwan
ismawan_amir|The Business - Marketing
fellexandro|Fellexandro Ruby
daveyo_27|Yohanes A.B
raymondcv_|
ignreza|Reza Andhika | Asuransi
hometeam.official|HOME TEAM
kelasdenjc|Kelas DEN JC
jakacaping|Jaka Caping
juragan_99|Gillang Widhia Pramana
vincentiusandre98|Vincentiusandre98
ellenmay_official|Ellen May
mudahmemulai|Teha
imeymaulanaalam|Imey Maulana Alam
shelly_tiff|Shelly Tiffany | Self Development & Public Speaker
pedjoeangdigital|Review Produk Digital
kylatif|Kiky | Komunikasi
weblord.id|Bang Lord | Web & Landing Page
haanifrm|ʀᴀʏʜᴀɴ ʜᴀɴɪꜰ ᴍᴀᴜʟᴀɴᴀ
samuelchrist|Samuel Christ
hy.syska|Syska Bowie
frghyy_|Firghy Néu
lidyasukandi|Lidya Sukandi
entrepreneursid_|Komunitas Entrepreneurs Indonesia
joviken|Lie Jovian Kenley
sociodemy|Sociodemy | Jualan Online
rusticstuff.co|Rustic Stuff | Creative Studio
socialelite_id|teaching you how to be rich
daddyspreloved|
urrofi|URROFI
swainmahisa|Swain Mahisa
mengaturkeuangan|Belajar Keuangan
dnaforyouth|DevelopingNetworkAuthenticity
junarorimpandeyofficial|Juna Rorimpandey
hikaruherryf|ひかる
andyhopss|Andy | Bahasa Inggris
didisupardi|Didi Supardi
pecuniafactorem|Pecunia Factorem
mentorclass.id|The Mentor Class
bigalphaid|Big Alpha
michaelhandojono|Michael Handojono
andrehalim91|Andre Halim
itswilliamldj|William Lukmandjaja
gegeelisa94|G
thisiswilli_|William Fernandes | Digital Marketing
khabib_nurmagomedov|Хабиб Нурмагомедов
philipmulyana|PHILIP MULYANA
ykhendrawan|Kevin Hendrawan
urroacademy|URRO Academy
fswufu|[jarang aktif] faye simanjuntak
agusan_2|𝗮𝗴𝘂𝘀 𝗮𝗻
agusan__|𝐃𝐎𝐃𝐎𝐊𝟑𝟑𝟑
yourinsuranceoppa|Ricvin Leo
byooteofficial|B.Y.T Official
tya_magdalena|Paopao
nicholasaja_|Nicholas Susanto
juanandrika|Juan Andrika
chrisapriliony|Chris Apriliony CSA® CTA®
agusleohalim|Agusleo Halim | Storyteller
aliciaeva9|Eva Alicia
kenhandersen|Ken Handersen
5amsuccess___|Kevin Sugiharto
mindsetduit|Mr. Vicktor I. Pasally, CFP®, QWP®
thebrandlab.id|Thebrandlab
yugnimaulana|Yugni Maulana Aziz
uripurup.co|Urip Iku Urup
kreativv_id|Kreativv | Digital Creative Media
revou_id|RevoU
dwikiafrilian|Dwiki Afrilian Koswara
idgitafmusik|IDGITAF MUSIK
idgitaf|Gita
mardiguwp|Bossman Mardigu
indodax|INDODAX
ceritaombotak|Kho Jonathan
warrenbuffetsofficial|Warren Buffett Quotes | Motivation 🔵
therealkiyosaki|Robert Kiyosaki
fajar_ffh|Fajar Fadhilah Hasan
by.painters|Art Event & Kit | by Erika Richardo
rumahlukiserika|Rumah Lukis
jar123098|jar12098
darrellhanson8|Darrell Hanson
ufcfightpass|UFC Fight Pass
bennylims|Benny Lim
satlantaspolrestabna|Satlantas Polresta Banda Aceh
volix.media|Volix Media
christianbong|CHRISTIAN BONG
indopremier|IPOT - Indo Premier Sekuritas
kristo.immanuel|Kristo Immanuel
kylievictoriaa_|𝑲𝒚𝒍𝒊𝒆 𝑽𝒊𝒄𝒕𝒐𝒓𝒊𝒂 紀巧麗
traderkugroup|Traderku | Impor China
syan_quo|Syanne Xzyfanequo
airpal.id|Airpal
willy_wangg|Willy Wang | MARKETER TANGGUH
hendricshinigami|Hendric Shinigami
tukangbisnis|QUOTES MOTIVASI SUKSES BISNIS
ceritaanakmuda.id|Anak muda berbagi cerita
davidlehman|David Lehman
rovifb_|Rovi | HUMANIS
grafisify|Irfan | AI-Driven Graphic Design
syammasfitria|Syammas P. Syarbini | 샴마스 | Creator UMKM
akademicreator|Akademi Creator
margarethapriliay|Lia • love yourself🤍
jozerizaljoe|Rizal Joze Theodorus CT CPS
ricky.raynaldi|Ricky Raynaldi
akagarage.id|•AKA GARAGE CUSTOM MOTORCYCLE•
romexio7|MAS ROM | Logo & Web Design Consultant | Public Speaker & Mentor
_rudysalim|Rudy Salim
dannysutradewa|Danny Sutradewa
olivialouise04|Olivia Louise
raditya_dika|Raditya Dika
jessicajane99|Jessica Jane
yudhakhel|Yudha Ramadhan
sahamrakyat|Saham Rakyat | Aplikasi Saham Terdaftar OJK
9gag|9GAG: Go Fun The World
rachelvennya|Rachel Vennya Roland
richardkevin_8|Richard Kevin | Trader
cuanderful|Cuanderful | Belajar Saham
chandraputranegara|Chandra Putra Negara
bibit.id|Bibit - Reksadana Obligasi Saham
bongchandra|Bong Chandra
theunderside.id|Previously @cutloose.id
ngomonginuang|Ngomongin Uang
sarjanacrypto|Bitcoin | Blockchain | Crypto | IP
ryanfilbert|Ryan Filbert
zinvestor.id|KELAS INVESTASI SAHAM
reynaldovirgilius|Rey - Practical Value Investor
ananda.effraldo|Aldo
ruangsaham|Ruang Saham
andysenjaya|Andy Senjaya
kaptensaham707|KAPTEN SAHAM & CRYPTO 707 ASLI
ryanadiprdn|Ryan Adipradana | Investor , Trader
fortisholdings|Fortis Holdings
davidnoahl|David Noah
smartparents.official|SMART PARENTS
sobryzz|Ahmad Sobry
dzakyamirr|Dzaky Amir M, CDM | Digital - Affiliate Marketer🚀
zan_abdulah|MUHAMMAD IZZAN ABDULLAH
danrahmadrama|Rahmad Ramadhan
nazwa.nasution.165|Nazwa Nasution
felicia.tjiasaka|Felicia Putri Tjiasaka
pokatku_id|ALPUKAT FOR EVERYONE
vernandoongtiera|Vernando Ongtiera
yukkaharlanda|Muhammad Yukka Harlanda
billionairestore_co.id|Edukasi Bisnis Online
indomaret|INDOMARET
syakirdaulay|Syakir Daulay
microsoftstore|Microsoft Store
alunmusk_|Alun Bening | Copywriter Gadungan
ericgoesglobal|Eric Feng
realvalevanyi|Valentino Vanyi
kangazmitrainer|Trainer & Coach | Entrepreneur
5.min.crafts|5-Minute Crafts
livehaf|LIVEHAF | Your Daily Wear
instagram|Instagram
nickvujicic|Nick Vujicic
icx.id|Indonesia Crowdfunding Exchange
stockup_indonesia|Stock Up Indonesia
saltventuresid|SALT ventures
jayyy_mick1001|𝒥𝒽𝒶𝓎_𝒸 𝑀𝒾𝒸𝓀
axel_efraim|Axel CFP® | Konsultan Keuangan
fadiladitya_e|Fadil Aditya Edwin
lepiikhwan_|lepi
namiraziza|Namira A. Nasution
bryanhensen|Bryan Hensen
ideo.id|Jasa Desain Logo, Promosi, dll
calonsarjanafakta|Calon Sarjana Official Account
alanstokes|Alan Stokes
danlok|DAN LOK “King Of High Ticket”
glimpse.inc|Komunitas Saham 🇮🇩
kixify|Kixify
billieeilish|BILLIE EILISH
service_laptop_denpasar|Jual Laptop Service Upgrade
bliblidotcom|Blibli.com
kjvmotosport|KJV MotoSport
msigaming|MSI Gaming
rafeeqstudio|Video Iklan by Rafeeq
itgarage|IT GARAGE 🇮🇩
ryanarmandoo|Ryan Armando
zupercapt|Adit Zupercapt
kazamahusein|kazamahusein
seonho__kim|김선호
rafisanjayae|Rafi Sanjaya
gamesolution|GAME PC FOR WINDOWS
alfysaga|Alfy Saga
astikom|Astikom - Rakit PC Bali
yulitamci5real|Yulita Intan Sari
jessnolimit|Jess No Limit
madekes|Madekes
update.anime|Update Anime Indonesia
fapstronautindonesia|FAPSTRONAUT INDONESIA
putrasiregarr17|PUTRA SIREGAR
media_computer_bali|Rakit PC Gaming Design Arsitek
jess_amalia20|Oh Jess, Oh No!
maell_lee|MAELL LEE
keith.slime|Keith $LIME
jadenbahtera|Rajadin Putra Bachtera
belvinvvip|Belvin Tannadi
hanakaclassic|Hanaka
oliviagosandra|Olivia Gosandra
naykillaaa|cry baby
ewing_hd|Ewing HD
nayyarafeez.a|나야
minang.kocak|Bola • Dubbing • Video Lucu
fx_bali|FX BALI Computer & Laptop
pst0re|PSTORE
ordergoid|OrderGo 🆔
ivannpriyanto|Ivan
chrisandriann|Chris Andrian Yang
mulaicoding.inc|Mulai Coding — Live Coding Camp for Scholars
folkative|FOLKATIVE™
juraidahjured|Juraidah Jured
nurizmi05|Nur Izmi Khaliza
turnfollowersintoprofit|Turn Followers Into Profit
foundry.az|Foundry.AZ
andyzain|Andy Zain
neinsyc2|Irma Yusiyanti
sav.savira|Savira | WordPress Developer - Elementor Expert 🇮🇩
coachsurayaali|Suraya Ali
kelasnonformal|Kelasnonformal
amikonten|jasa konten instagram dan blog
aldimaztaruna|Dimaz | Konsultan Transformasi Digital
buatdisini_com|BuatDisini.com
afk_project.cctv|Jasa Pasang CCTV Malang
byrijalhamsar|Rijal Hamsar
academybinar|BINAR
josshhua.abraham|Josshhua Abraham Sutanto
niagahoster.id|Niagahoster
credibook|CrediBook
roketkan|D
brynsngg|Bryan sung
satisfied_user|Satisfied User
rahmande20|Aden Rahmandi
fariscupue|Faris
subiakto|Subiakto Priosoedarsono
dynamicindonesia|Dynamic Indonesia
tonialbarokah|Toni Al Barokah
russellbrunson|Russell Brunson
andrieandropia|Andrie Andropia
marioteguh|Mario Teguh
belajarngekonten|Azhar Suardi - Content Creator
yoyokrubiantono|Santri sampai mati❤️
thelucasokeefe|Lucas O’Keefe | Social Media Marketing
kegoblogan.unfaedah|KEGOBLOGAN YANG UNFAEDAH
dannyallenpage|Danny Allen-Page
finansialku_com|Finansialku
grantcardone|Grant Cardone
yanuar.fx|Kenzo Yanuar
thechrisdo|Chris Do—Personal Branding/Business Coach
antidosa|Antidosa
sokinggriscom|Sok Inggris™ - English Club
creatorfuel|Izzy
kevin_tania|Kevin Tania
finfolkmoney|Finfolk
smms.expert|IG  Content Creator | Strategy
kanvaslatif|Latif
tedysetiawan8|Tedy Setiawan | SuksesSimple
mokbranding|Denny | Logo Consultant
bimoghifari|BmG
elitpreneur.id|COPYWRITING | JUALAN ONLINE
satupersenofficial|Satu Persen - Indonesian Life School
wraw.studio|Brand & Marketing
its.rachel.king|Tips for Content Creators
garistemu.co|Garis Temu
finansha.id|ISLAMIC FINANCIAL PLANNER®
iamchiragtaneja|Chirag Taneja
yogamahendraid|Yoga | Logo Designer
vektorkades|Logo, Visual Identity, Social Media Management
amazingmentor|dr. Andhyka | Life, Business & Beyond
senimanpikiran|Rachaddian (dion)
soundsofconcert|SOUNDS OF CONCERT ASIA NETWORK
creators|Instagram’s @Creators
jakarta.keras|JAKARTA KERAS
anthonysudarsono|ANTHONY | INVESTOR PROPERTY
randomshitpost.mp4|Meme For IQ
ketikaandagabut_|ꜱʜɪᴛᴘᴏꜱᴛ ᴇᴠᴇʀʏᴡʜᴇʀᴇ
entrepreneursvscorona|#BANGGABERBAGI
shadow_investing|sdw.
opinibolaid|Rifqi Ramadhan | Ngobrolin Bola
ferdiedarmawan|Ferdie Darmawan, CFP®, CSA® | Financial Entrepreneur
victoriawong68|Victoria Wong
yosefabas_|Yosef Adji Baskoro
nugrohoiif|nugroho iif
joshwcorbett|Josh Corbett
kalypsodesigns|Kalypso • Product Designer
henrykaminskijr|Brand To Table | Restaurant Marketing
thedesignhybrid|Vera
seancannell|Sean Cannell
justcreative|Jacob Cass | Branding & Design
morejanda|Michael Janda
tomrossmedia|Tom Ross
tandacollective|Tanda Collective
official.tribelio|Tribelio
rumahpotonghewan|Sapi Kambing Siap Qurban
neilpatel|Neil Patel
febrianchandra_|Febrian Chandra
fawnder|fawnder.com | kanal startup
vosfoyer|#vosFoyer l Comprehensive Creative Consultant
robertherjavec|Robert Herjavec
qvc|QVC
richardbranson|Richard Branson
kevinolearytv|Kevin O'Leary
mcuban|Mark Cuban
portalmiliarder|Portal Miliarder 🤑
coachbax|Steven De La Brethoniere
investor.muda|Investor Muda
nowthisentertainment|NowThis Entertainment
primal.swoledier|Eric Leija
christinalie27|Christina Lie
potbrandinghouse|POT Branding House
levilo.id|Online Class | Offline Class
apple|apple
whatsapp|WhatsApp
tonyfolly.fit|Tony Folly
bisamahir|BisaMahir
goblogbersama|Goblog Bersama
luro.id|Belajar Bisnis Anak Muda
millennialsshit|MILLENNIALSSHIT
mudacreative.id|Muda Creative
fohr.co|Fohr
rintisanstartup|rintisan StartUp
chysirait|Yoshy sirait
mahasiswabaperan|Mahasiswa Baperan
kerisangid|KERISANG ~ Keripik Si Akang
thebillionaireplaybook|Daily Motivation
financialprofessional|Financial Professional
albertleonardo|Albert Leonardo
m1chaelsugih|Michael Sugiharto
erisilvanus|Pengikut Kristus, Organization Development Coach & Facilitator
byvioni|Manager Talent @terkisah.id
luarsekolah|Luarsekolah
anak.kuliah|ANAK.KULIAH | Tips & Info Seputar Mahasiswa
podcastindo|Komunitas Podcast Indonesia
calistnation|Calisthenics Nation
netflixid|Netflix Indonesia
redflagradar.id|Hendro Hermawan - Healthy Relationship
septiansujadi_|Mas Tia - Digital Marketer
bimopd|Bimo Putra Dwitya
janofahchiny|Janofah Chiny
olahragayuk|Adde & Adi | Kelas Diet Online
dennysirregar|Denny Siregar
tanyarifandy|Rifandy Tambunan
doktergigi.jo|Joseph Gunawan, drg., MBA. | Ocep
julioekspor|Julio Ekspor
fadiljaidi|Fadil Jaidi
bintangemon|Gusti Bintang
soegimitro|SOEGIMITRO | PAKAR BRANDING
edukasex|Sex Education
bapak2id|bapak2ID
trustjak|Johan Alvin Khosuma
socialfirstmarketing|Social First Marketing
ryanserhant|Ryan Serhant
fingram.id|FinGram | Financial Educator
komunitasbisaekspor|Komunitas Bisa Ekspor
bayuajiefit|Bayu Ajie | Cert. Glute Specialist 🍑
juandadaly|J U A N
broreydecal|broreydecal
bule.kw.official|BULE KW
tonyyansen|MLM Provocateur | Kokoh Tony Yansen | MCI
bong_affand|Alfan Niam
sumargodenny|Denny Sumargo
wnatttt|Onic Natt
whim_management|WHIM Management Indonesia
marrishaglladys|Marrisha Glladys Isabella
vanessakhongg|Vanessa Khong
edrickhongg|EDRIC KHONG
awreceh.id|RECEH SQUAD
theoderick_|Theo Derick
ceniksuprapta|Distributor Alat Fitnes Import
sukha.inc|SUKHA AROMATHERAPY
mindsetmerdeka|Mindset Merdeka | #merdekaisme
anthonydiomartin|Dʀ. Aɴᴛʜᴏɴʏ Dɪᴏ Mᴀʀᴛɪɴ
tommywong_official|Tommy Wong
indonesiabusinessfactory|Indonesia Business Factory
belajarbikinkonten|KURNIAWATI S.Pd | Teman Ngonten UMKM
robbychristy|Robby CFP® | Insurance Expert
startuptutorship|Startup | Business | Money
jdkwksjdjdjsn|
ivan_gunawan|SUPER MEGA BINTANG
taufikaulia|Taufik Aulia
ade_rai|Ade Rai
frogroxx|Eko A. Simanjuntak
ditjen_imigrasi|Direktorat Jenderal Imigrasi
basukisurodjo|Basuki Surodjo
fendiwijaya.001|Mas Fen
by.ilyass|Ilyas | Brand Designer
digitalmarketer|
jasonsurya_|Jason Surya
christyms|Christy MS - Relationships Counselor for Adults
nilskattau|Nils Kattau
felletjhang|Felicia Regina Tjhang
smindrawati|Sri Mulyani Indrawati
zulhanwahyudi|Zulhan Wahyudi
cahilkomedia|Cahill | Content Strategist
inilozul|Zul Hilmi - Muslim Digital Marketer
anakkuliah|Anak Kuliah | TUTORIAL | MAHASISWA
porsel.exclusive|Poros Selatan Exclusive.
pakezky|Ezky bahtiar
saatkuliah|Seputar Kuliah
jeromepolin|Jerome Polin Sijabat ジェローム
jakartaloker.idn|INFO LOKER JAKARTA & SEKITARNYA
curhatanmahasiswa.id|MAHASISWA | CURHATAN | INFO
infotembusptn|UTBK SNBT SNBP 2025
masukkampus|SNBP UTBK SNBT
indbeasiswa|INDBeasiswa | Info Beasiswa Terbaru
kampunginggrislc|Kursus Bahasa Inggris - Kampung Inggris LC
ceritakuliah|Cerita Kuliah (sɪɴᴄᴇ 2015)
pemburubeasiswa|Pemburu Beasiswa 2.0
campuspedia|Siap Masuk Kampus dan Berkarir
info_beasiswa|🎓 Beasiswa Untuk Semua 🎓
mudakelilingdunia|Rudi | WHV Alumni | Full-Time Traveler
ypkhatulistiwa|Yoga P Khatulistiwa
ininabnabb|Nabnab Rahmadani
startupunions|Startup | Business | Money
clickfunnels|ClickFunnels
socialmediatoday|Social Media Today
alextooby|Online Business Mentor
amyporterfield|Online Marketing Educator 💡
marketingharry|Hrabren Lindfors | Social Media Marketing
sun.yi|Sun Yi
saleswithkales|Sales & Closing - Jordan
dotlung|Mother of Social Dragons
christayloronline|Chris Taylor
thegoeyardi|The Goeyardi Adventure
prathama.nugraha.tjoeng|Prathama Nugraha
ayokitakuliah|Akhmad Banu - Mentor Lolos PTN
businessdrivendream|Business Driven Dream
heyaaronblenda|Aaron Blenda
pakwinofficial|Pak Win
thedailymuzshow|🕴️Muzahid • Sales Funnel Show
kangwebsites|Tama | WP & Landing Page Dev
melfanza|Elfan | UI Designer
maksimalindiri|Bang Joel | Confidence Expert
endysigner|Endy Sign⚡Content Core
kaiaproject|KAIA Project | Creative Agency Jakarta
hadegawe|Hade Gawe Creative Agency
julianroelivansati|Julian Roelivan Sati
websitemaker.id|Website Maker
pastenote|Sunny | Digitalpreneur
cerkostore|Cerko Store
denimahardika|BISNIS DIGITAL | SEMANGAT 🇮🇩
semangatselling|CARA JUALAN | BISNIS DIGITAL
kakurief|Urip Setiawan | Super Seller
agrysetiawan|OM AGRY | JURU’s JUALAN
junjualan|Ryan Juniardi|KelasMarketplace
faisalardans|Faisal Ardan
madamuci|Madamuci
the.website|Logo & Web Designs
webcare.idn|JASA PEMBUATAN WEBSITE MURAH
websitebrainy|Website Brainy Circle
appliedinsights|Applied Insights
99logosdotcom|99Logos
indonesia.website.creator|Indonesia Website Creator
onlineinajalah|Jagonya Website Custom
juice.insp|Juice (UI/UX) Website Design
undangan_web|Undangan Website
createaprowebsite|Create A Pro Website
feliciaputritjiasaka|Felicia Putri Tjiasaka
tokotalk_id|TokoTalk
badrinteractive|Website | Mobile Developer
charmi.pankhania|Charmi | Website Dev. | SEO
logo.glory|Logo Glory
website_tutorials|web design & development
jubelio.official|Jubelio - Platform Omnichannel
websitebos|E-Course Internet Marketing
cdlagency|Advertising | Digital Marketing | Campaign
gmsusanto|Digital Marketing Mentor
ezraalfatah|Ezra Alfatah - Skripsi Hack
jagongonten.id|Social Media Management
ternakuang.id|Ternak Uang
therenikomn|celo
melvintenggara|MLVT, S.E., M.M., M.B.A., M.H.
mudahbergaul|Dimas Alwin, S.Psi
fatsoeng|
raymondchins|Raymond Surya Chin
socialkreatif|socialkreatif
tristanj22|Tristan Jass
rintisan.id|Rintisan Indonesia
temanstartup|Teman Startup
erikarichardo|Erika Richardo
budiismanofficial|Budi Isman
siauwandreas|Andreas - Copywriter
vokraf|Vokraf | Upgrade Skill Sesuai Industri🇮🇩
mentorjualanonline|Sandy Sutawiguna
tommy_wattimena|Tommy Wattimena
alphaworks.id|Yudha T. Rizkianto | Freelance Video
hingdranata.nikolay|Hingdranata Nikolay
noonecares|No One Cares
backtobackhoops|Backtoback Hoops
thenx|THENX.com
mamakbeti|Mak beti 👤
weird.genius|Weird Genius
tiktok|TikTok
larunocom|LARUNOCOM
kontenwow|KONTEN WOW!
gameconsign|Game Consign
infodenpasar|INFO DENPASAR
movie.hits|MOVIE HITS
bangipat.official|Bupati & Wakil Bupati Jembrana
ngakakkocak|Enjoy aja yuk sob! 😊
dkidmedia|DKID Media
zonamahasiswa.id|Media Online Mahasiswa
hai.fact|Hai Fact
agunghapsah|Agung Hapsah
iglolaw.id|Indonesia Global Law Firm
uncharted_sply|U N C H A R T E D _ S P L Y
pejuangbisnisonline|Umar Ahab | Pejuang Bisnis Online
renattamoeloek|Renatta Moeloek
neymabrand.id|Neyma • Konsultan Branding
phonegraphyindonesia|Photography with Smartphone
gadgetins|GadgetIn
estechmedia|EstechMedia
nerdreviews|Nerd Reviews
arifmuhammaddd_|Arif Muhammad
kemalpalevi|Ahmad Kemal Palevi
e.erpan1140|Erpan1140
therock|Dwayne Johnson
kelas_official|Kelas.com
ybrap|yb
brodibalo|Brodibalo | Fitness, Health and Science!
asusrog.id|ASUS ROG Indonesia
nba|NBA
indonesianlocalpride|INDONESIAN LOCAL PRIDE
attahalilintar|Atta Halilintar (PAPATA)
hansboling|Hans Christian • Koko Kalori
wendywalters|✾ Wendy
chrisheria|Christian
handikasetiabudi|Handika Setia Budi
gymmotivation|Fitness Motivation
ngertisaham|NGERTISAHAM
dagelangaming|Dagelan Gaming
tungdesemwaringin.tdw|Tung Desem Waringin
young_lex18|Raja Terakhir
arnoldpo|Arnold poernomo
keanuagl|KEANU
qorygore|QG
chandraliow|Tim2one - Chandraliow
royricardo|THE MOST WANTED RAPPER IN TOWN
efkahfajar|Efkahfajar
bisnisbarengbram|Septian Bramandita
topgymtips|Top Gym Tips
baskorohadisukatmo|Baskoro | Business Consultant
winsonreynaldi|WS
senjaprrtiwi|senja
dalang.pelo|Dalang Pelo
gazellecross|King Laurent Rando, S.Sn
jeremyviari|Jeremy Viari
larrywheels|Larry
kepined|Kevin Aditya
haibolu|KOMUNITAS PEBISNIS ONLINE NO#1
mastercorbuzier|Deddy Corbuzier, Ph.D
bobonsantoso|Bobon Santoso
ariefmuhammad|ariefmuh
kampunginggrism|Kursus Bahasa Inggris By Kampung Inggris EM
huangwesley|Wesley Huang
debrisumule|Deb
businessmindset101|BusinessMindset101®️
webtvasia.id|WebTVAsia Indonesia
turahparthayana|Turah Parthayana
daviddemitri|David Demitri | Spesialis Recehan
gustafode|AA UTAP
businessideas365|Business Ideas & Inspiration
filmtechmedia|FilmTechMedia by Altruistfilms
garyvee|Gary Vay-Ner-Chuk
dr.tirta|Cipeng | TIRTA
ivana.harjadi|ivana
info_properti_bisnis|PB Home Design & Build
steadfastnick|drg.NICOLAS SUHENDRA, Sp.Pros
cii_ela|E L A
biznis.id|Biznis ID
dennis_sll|Dennis SLL
indrakenz|Indra Kesuma, S.T.
kuliahproduktiv|Bang Adit | Life Hack
yespirasi|Motivasi Inspirasi Hidup
mebiso|Mebiso
motivationmu|Motivasi Sukses 👥
haloduit|HALO DUIT
kutipanpria.id|Kutipan Pria | Teman Berkualitas Lo
suksesterus.id|TIPS - MOTIVASI - SUKSES
positivemindset.id|positive.husnudzon.motivasi
indo_psikologi|Fakta Info Psikologi 🌐
jaringan.inspirasi|Motivasi . Inspirasi . Sukses
dagelan|:Dagelan
semangat.berbisnis|MOTIVASI | BISNIS DIGITAL
99idebisnis|SahabatPebisnis.com
dropshipaja|Untung Bersama Dropshipaja
portalbisnis|PORTAL BISNIS OFFICIAL
motivation.pebisnis|Motivasi Pengusaha
motivasisuksesku.id|Pengusaha - Inspirasi - Bisnis
entrepreneurindonesia|Entrepreneur Indonesia
gatherich|YOUR FINANCIAL EDUCATOR
bisniscom|Bisnis.com
motivasi.mindset|MOTIVASI MINDSET & BISNIS
merryriana|Merry Riana
alexandrechristie_timepiece|Alexandre Christie
menjadikaya|BERFIKIR $ MENJADI KAYA
beranijadipengusaha|MOTIVASI•INSPIRASI•PENGUSAHA
motivasi.pebisnis|Motivasi . Inspirasi . Sukses
rumahpengusaha|RumahPengusaha.id
bisnismillenial|BISNIS MILLENIAL
introvertgaul|Adrian Chandra
billionairecoach.co.id|Belajar Bisnis Praktis
najwashihab|Najwa Shihab
semangatpengusaha|PENGUSAHA & BISNIS DIGITAL
catatanentrepreneur|Catatan Seorang Entrepreneur ✍
sekolahpebisnis|MOTIVASI & TIPS BISNIS #1
komunitaspengusahamuda|Bisnis Media Indonesia
ngobrolbisnis|Motivasi & Inspirasi Bisnis
pebisnismuda|PEBISNIS MUDA
kuyproduktiv|Wildan - Tips Produktif
contentbytian|Muhammad Septian | Content Creator & Video Editor
bynikojulius|Niko Julius | Instagram Expert
carajualan|Cara Jualan
rcohuang|Rico Huang
timothyronaldd|Timothy Ronald
dewaekaprayoga|DEWA EKA PRAYOGA
dodizulkifli_brand|Dodi | Brand & Branding
dennysantoso|Denny Santoso | Entrepreneur | Investor
fardiyandi|Fardi Yandi
mudacumasekali|Aldio Ogut | Personal Branding
